{"type":"Topology","transform":{"scale":[0.00034092573604804,0.00018480682339976],"translate":[-10.654166,51.424862]},"arcs":[[[18259,677],[62,-40],[35,16],[50,22],[38,-8],[4,-137],[-22,-40],[-6,-93],[-22,31],[-45,-80],[-13,6],[-39,4],[-39,99],[-9,76],[-37,101],[2,53],[41,-10]],[[18142,3804],[23,-91],[41,44],[21,-49],[31,-45],[-7,-52],[14,-99],[10,-58],[16,-14],[17,-99],[-6,-60],[21,-78],[69,-61],[45,-55],[42,-50],[-8,-28],[37,-73],[24,-125],[26,26],[26,-50],[15,17],[11,-122],[45,-71],[30,-44],[50,-94],[18,-93],[1,-66],[-4,-72],[30,-98],[-3,-102],[-11,-54],[-17,-103],[1,-67],[-13,-82],[-28,-106],[-47,-57],[-23,-89],[-22,-57],[-19,-100],[-24,-58],[-16,-86],[-9,-80],[4,-37],[-37,-40],[-71,-4],[-59,-48],[-29,-44],[-39,-50],[-53,51],[-39,20],[10,61],[-35,-22],[-56,-84],[-55,31],[-36,19],[-36,8],[-62,34],[-41,71],[-12,88],[-15,58],[-31,47],[-62,14],[21,56],[-15,86],[-31,-80],[-57,-21],[34,64],[9,66],[25,57],[-5,86],[-52,-99],[-40,-39],[-24,-92],[-50,47],[2,62],[-40,83],[-34,44],[12,27],[-82,70],[-44,3],[-62,56],[-114,-11],[-82,-41],[-73,-39],[-61,8],[-67,-59],[-56,-27],[-12,-61],[-23,-47],[-55,-3],[-40,-10],[-56,21],[-46,-12],[-44,-6],[-38,-61],[-18,5],[-32,-33],[-31,-37],[-46,5],[-43,0],[-68,74],[-34,22],[2,66],[31,16],[11,26],[-2,42],[8,80],[-8,69],[-33,117],[-11,66],[3,66],[-25,75],[-2,34],[-28,46],[-8,91],[-37,91],[-8,50],[28,-50],[-22,107],[32,-34],[18,-44],[-1,59],[-31,91],[-6,36],[-15,35],[7,67],[13,28],[9,58],[-7,68],[26,83],[5,-88],[27,80],[52,38],[31,50],[49,42],[29,9],[17,-14],[50,43],[39,13],[10,25],[17,11],[35,-3],[67,34],[34,51],[17,62],[37,59],[3,46],[2,63],[44,98],[27,-100],[27,23],[-22,55],[20,56],[28,-25],[7,88],[35,57],[16,46],[32,19],[1,33],[28,-14],[1,29],[28,17],[31,16],[47,-54],[35,-68],[40,-1],[41,-11],[-14,64],[31,93],[28,30],[-10,29],[28,66],[39,41],[32,-14],[54,22],[-1,59],[-47,38],[34,17],[42,-29],[34,-47],[54,-30],[18,12],[40,-36],[37,33],[24,-10],[15,22],[29,-57],[-17,-62],[-24,-47],[-22,-3],[7,-47],[-19,-57],[-22,-57],[4,-33],[51,-64],[49,-37],[33,-40],[46,-68],[18,0],[33,-30],[10,-36],[61,-39],[42,40],[13,62],[13,51],[7,64],[20,92],[-9,56],[5,33],[-8,66],[9,88],[12,23],[-10,39],[15,61],[12,64],[2,33],[24,43],[18,-57],[4,-72],[16,-14],[3,-49],[23,-59],[5,-65],[-3,-42]],[[14898,7946],[-1,-83],[-23,18],[5,-93],[-19,60],[-3,59],[-13,56],[-26,67],[-59,5],[6,-48],[-20,-64],[-27,23],[-9,-21],[-19,13],[-24,10]],[[14666,7948],[-10,95],[-22,87],[11,70],[-40,31],[15,42],[39,43],[-46,61],[23,79],[50,-50],[31,-6],[5,-80],[61,-16],[59,2],[37,-20],[-29,-98],[-29,-7],[-20,-66],[35,-59],[11,73],[17,1],[34,-184]],[[4930,10782],[47,-16],[59,4],[-32,-48],[-23,-7],[-81,49],[-16,38],[24,36],[22,-56]],[[5049,11077],[-31,-2],[-83,37],[-59,54],[22,10],[84,-29],[65,-48],[2,-22]],[[1115,11009],[-32,-16],[-105,52],[-19,41],[-57,41],[-11,33],[-66,20],[-25,63],[6,27],[67,-25],[39,-18],[60,-12],[21,-40],[32,-55],[64,-47],[26,-64]],[[5411,11261],[-43,-102],[42,39],[43,-24],[-23,-41],[57,-31],[29,28],[64,-36],[-20,-85],[45,20],[8,-61],[20,-72],[-27,-102],[-29,-4],[-42,22],[14,94],[-18,15],[-74,-100],[-38,4],[45,54],[-61,28],[-68,-7],[-124,4],[-10,34],[40,41],[-28,31],[54,70],[65,184],[40,66],[55,40],[30,-5],[-12,-32],[-34,-72]],[[528,11648],[62,10],[-19,-132],[55,-93],[-25,1],[-39,52],[-23,54],[-33,36],[-11,51],[3,36],[30,-15]],[[3936,12588],[-25,-61],[-28,10],[-17,34],[3,8],[24,35],[27,-3],[16,-23]],[[3768,12652],[-75,-64],[-45,2],[-14,32],[48,53],[87,-1],[-1,-22]],[[3560,12993],[12,-51],[32,17],[37,-30],[70,-40],[73,-36],[6,-55],[47,9],[45,-38],[-56,-36],[-99,27],[-36,53],[-63,-62],[-91,-60],[-22,68],[-86,-11],[55,57],[8,91],[22,106],[46,-9]],[[4153,13165],[-72,-6],[-16,57],[27,65],[59,16],[49,-32],[1,-50],[-7,-16],[-41,-34]],[[2891,13392],[-39,-41],[-86,35],[-52,-12],[-87,52],[56,35],[44,51],[68,-33],[38,-21],[19,-22],[39,-44]],[[3217,13437],[-1,-118],[85,90],[77,-74],[-19,-86],[61,-78],[67,83],[46,100],[4,127],[91,-9],[94,-17],[85,-57],[4,-57],[-47,-62],[45,-62],[-8,-56],[-125,-81],[-89,-18],[-66,35],[-19,-58],[-61,-98],[-19,-50],[-74,-79],[-91,-7],[-50,-49],[-5,-76],[-74,-14],[-78,-94],[-69,-130],[-25,-91],[-3,-135],[93,-19],[29,-108],[30,-88],[89,23],[119,-50],[63,-44],[46,-55],[80,-32],[67,-48],[106,-7],[69,-11],[-10,-101],[19,-116],[47,-129],[95,-110],[49,38],[34,118],[-33,183],[-45,61],[102,54],[72,81],[35,81],[-5,77],[-43,99],[-77,87],[75,121],[-28,105],[-21,180],[44,27],[109,-31],[66,-12],[53,31],[59,-39],[79,-68],[19,-44],[114,-9],[-2,-97],[21,-147],[58,-18],[46,-68],[93,64],[61,128],[42,54],[50,-103],[83,-148],[70,-139],[-26,-73],[85,-65],[58,-66],[101,-30],[41,-37],[25,-98],[50,-15],[26,-44],[4,-130],[-46,-43],[-46,-41],[-105,-41],[-80,-95],[-108,-19],[-136,25],[-96,1],[-66,-8],[-53,-83],[-82,-52],[-92,-153],[-73,-107],[54,19],[103,152],[133,97],[96,11],[56,-56],[-60,-78],[20,-125],[21,-87],[83,-58],[105,17],[64,130],[4,-84],[42,-42],[-79,-76],[-141,-69],[-64,-46],[-71,-84],[-48,9],[-3,98],[111,95],[-102,-3],[-71,-15],[-42,66],[0,158],[-28,33],[-43,-20],[-21,31],[-48,-88],[-20,-90],[-23,-52],[-27,-18],[-20,-6],[-6,-28],[-118,-1],[-97,0],[-29,-22],[-67,-83],[-8,-9],[-20,-45],[-59,0],[-62,-1],[-29,-18],[10,-23],[6,-35],[-1,-12],[-84,-57],[-65,-18],[-75,-62],[-16,0],[-21,18],[-7,17],[1,12],[14,40],[30,64],[19,68],[-13,101],[-14,105],[-66,54],[8,21],[-10,14],[-17,0],[-13,18],[-3,28],[-13,-12],[-17,3],[4,12],[-15,11],[-6,30],[-49,37],[-52,39],[-62,45],[-60,42],[-57,-33],[-21,-1],[-79,30],[-51,-15],[-62,36],[-65,18],[-45,7],[-19,20],[-12,63],[-21,0],[-1,-45],[-131,0],[-219,0],[-216,0],[-192,0],[-191,0],[-188,0],[-194,0],[-63,0],[-189,0],[-181,0],[-9,1],[-123,113],[-46,50],[-115,48],[-36,103],[9,71],[-81,49],[-12,93],[-77,84],[-1,60],[35,55],[-1,73],[-109,74],[-65,132],[-40,83],[-58,52],[-43,48],[-34,59],[-64,-37],[-62,-65],[-57,76],[-44,51],[-62,32],[-63,3],[0,659],[1,430],[119,-28],[100,-56],[67,-11],[55,49],[78,36],[94,-14],[96,51],[104,28],[44,-48],[48,27],[14,55],[44,-12],[108,-104],[85,78],[8,-87],[79,18],[24,34],[77,-6],[97,-49],[150,-42],[87,-20],[63,7],[86,-58],[-90,-58],[115,-25],[172,14],[55,20],[68,-69],[69,59],[-65,49],[41,39],[78,6],[51,11],[51,-27],[64,-63],[71,9],[113,-52],[99,18],[93,-3],[-7,72],[56,21],[99,-40],[0,-109],[40,92],[52,-3],[29,116],[-69,72],[-74,46],[5,128],[75,84],[84,-18],[65,-51],[87,-131],[-57,-57],[119,-23]],[[1711,13856],[-32,-54],[142,35],[88,-59],[72,60],[59,-38],[52,-114],[32,48],[-45,118],[56,17],[63,-18],[71,-47],[40,-113],[20,-81],[107,-57],[115,-55],[-7,-51],[-104,-9],[40,-45],[-21,-42],[-115,18],[-110,31],[-74,-7],[-120,-39],[-162,-18],[-113,-10],[-34,54],[-88,32],[-56,-13],[-79,91],[43,13],[98,19],[90,-5],[83,20],[-123,27],[-136,-9],[-91,3],[-33,42],[148,46],[-99,-1],[-111,30],[53,87],[45,46],[170,70],[66,-22]],[[2327,13891],[-56,-77],[-100,81],[22,16],[85,5],[49,-25]],[[4122,13854],[6,-32],[-68,3],[-68,3],[-70,-16],[-19,7],[-70,62],[3,41],[30,8],[146,-13],[110,-63]],[[3471,13860],[50,-72],[59,93],[161,48],[110,-120],[-10,-75],[126,33],[61,46],[141,-58],[88,-56],[8,-50],[119,26],[66,-74],[154,-45],[55,-47],[61,-108],[-117,-54],[150,-76],[101,-25],[92,-106],[100,-8],[-20,-81],[-112,-135],[-78,50],[-100,111],[-83,-14],[-8,-67],[67,-67],[87,-53],[26,-31],[41,-114],[-22,-84],[-80,32],[-160,92],[90,-99],[67,-70],[10,-41],[-173,47],[-137,67],[-77,56],[22,33],[-95,59],[-93,56],[1,-33],[-184,-19],[-54,40],[42,85],[120,2],[131,15],[-21,41],[22,58],[83,113],[-18,51],[-25,40],[-97,56],[-129,39],[40,29],[-67,72],[-56,7],[-51,39],[-34,-34],[-115,-15],[-232,26],[-135,34],[-104,17],[-53,41],[67,53],[-90,0],[-21,118],[49,103],[66,47],[165,31],[-47,-75]],[[2591,13940],[76,-25],[114,15],[16,-34],[-59,-55],[96,-50],[-11,-104],[-105,-45],[-61,10],[-44,44],[-159,89],[2,37],[130,-14],[-70,76],[75,56]],[[3048,13816],[-69,-87],[-72,5],[-40,101],[1,58],[33,49],[63,31],[133,-4],[122,-28],[-95,-103],[-76,-22]],[[1309,13655],[-167,-56],[-34,51],[-147,61],[27,49],[44,85],[56,76],[-63,71],[216,18],[91,-24],[163,-7],[61,-33],[69,-49],[-80,-29],[-157,-81],[-79,-81],[0,-51]],[[3021,14071],[-35,-45],[-92,9],[-77,30],[33,52],[92,31],